subject_id,template_id,model,framing,output_path,score,feedback,raw_judge,latency_sec,error
s_8ccf_iphone,bf_m_04,google/gemini-3-pro-image-preview,editing,/Users/lizeyan/Desktop/mvp_1/headshot_pipeline/experiments/output/s_8ccf_iphone_bf_m_04_google_gemini-3-pro-image-preview_editing_fe20c2a4.png,6,"这两张照片中的人物看起来不像是同一个人，尽管有相似之处，但存在明显的差异。
差异最大的面部特征：
1.  **眼睛：**
*   **第一张图：** 眼睛更大，眼型更圆，双眼皮褶皱相对清晰且宽，眼尾向上略微上扬。
*   **第二张图：** 眼睛明显更小，眼型更细长，双眼皮褶皱不明显或较窄，眼尾更平或略微向下。眼距似乎也略有差异，第二张图的眼距感觉更窄一些。
*   **修改建议：** 眼睛的形状、大小和双眼皮特征是识别的关键。AI生成时需要更精确地捕捉用户眼睛的细节，如眼睑的细微弧度、内外眼角的形状以及双眼皮的宽度和走向。
2.  **脸型轮廓（下颌线角度）：**
*   **第一张图：** 下颌线更为方正，颧骨不突出，整体脸型看起来更为标准的长方形或椭圆形。
*   **第二张图：** 下颌线弧度更平缓，下巴区域显得略宽，颧骨部位线条感更明显，整体脸型轮廓更为流畅，但略显圆润。
*   **修改建议：** AI生成模型应注意下颌角的具体角度和下巴的宽度，以及颧骨区域的凸起程度，这些对于构建准确的脸型至关重要。
3.  **嘴巴（嘴唇厚度与形状）：**
*   **第一张图：** 嘴唇相对饱满，下唇略厚于上唇，唇峰明显。
*   **第二张图：** 嘴唇较薄，唇峰不明显，整体嘴型显得更平直。
*   **修改建议：** 重点关注唇部的S形弧度、唇珠的形态以及上下唇的厚度比例。
综上所述，眼睛、脸型轮廓和嘴巴的差异使得这两张照片无法被判定为同一个人。","评分：6/10

判断理由：
这两张照片中的人物看起来不像是同一个人，尽管有相似之处，但存在明显的差异。

差异最大的面部特征：
1.  **眼睛：**
    *   **第一张图：** 眼睛更大，眼型更圆，双眼皮褶皱相对清晰且宽，眼尾向上略微上扬。
    *   **第二张图：** 眼睛明显更小，眼型更细长，双眼皮褶皱不明显或较窄，眼尾更平或略微向下。眼距似乎也略有差异，第二张图的眼距感觉更窄一些。
    *   **修改建议：** 眼睛的形状、大小和双眼皮特征是识别的关键。AI生成时需要更精确地捕捉用户眼睛的细节，如眼睑的细微弧度、内外眼角的形状以及双眼皮的宽度和走向。
2.  **脸型轮廓（下颌线角度）：**
    *   **第一张图：** 下颌线更为方正，颧骨不突出，整体脸型看起来更为标准的长方形或椭圆形。
    *   **第二张图：** 下颌线弧度更平缓，下巴区域显得略宽，颧骨部位线条感更明显，整体脸型轮廓更为流畅，但略显圆润。
    *   **修改建议：** AI生成模型应注意下颌角的具体角度和下巴的宽度，以及颧骨区域的凸起程度，这些对于构建准确的脸型至关重要。
3.  **嘴巴（嘴唇厚度与形状）：**
    *   **第一张图：** 嘴唇相对饱满，下唇略厚于上唇，唇峰明显。
    *   **第二张图：** 嘴唇较薄，唇峰不明显，整体嘴型显得更平直。
    *   **修改建议：** 重点关注唇部的S形弧度、唇珠的形态以及上下唇的厚度比例。

综上所述，眼睛、脸型轮廓和嘴巴的差异使得这两张照片无法被判定为同一个人。",7.0,
s_8ccf_iphone,bf_m_04,google/gemini-3-pro-image-preview,generation,/Users/lizeyan/Desktop/mvp_1/headshot_pipeline/experiments/output/s_8ccf_iphone_bf_m_04_google_gemini-3-pro-image-preview_generation_82c23a70.png,5,"主要差异如下：
1.  **眼睛**：第一张图片中的人物眼睛更大，双眼皮更明显，眼角形状也略有不同；而第二张图片中的人物眼睛相对较小，双眼皮不明显，眼型更细长。
2.  **鼻子**：第一张图片中的人物鼻梁高度适中，鼻头圆润，鼻孔露出程度较低；第二张图片中的人物鼻梁相对更高挺，鼻翼略宽，鼻头形状也稍有差异。
3.  **嘴巴/笑容**：第一张图片中的人物嘴角自然上扬，露齿笑，笑容弧度较大；第二张图片中的人物紧闭双唇，表情严肃，没有笑容。虽然表情不同会影响判断，但即使是微笑，第二张图片的嘴型与第一张图也存在差异。
4.  **脸型轮廓**：第一张图人物的脸型更偏向于瓜子脸，下颌线相对柔和；第二张图人物的下颌线更加清晰和有棱角，脸型显得更方正一些。
修改建议：
*   在生成AI图片时，需要更精确地调整眼睛的大小、形状、双眼皮特征以及鼻子的具体形态，包括鼻梁高低、鼻头圆润度等细节。
*   同时，在AI生成时应尝试在不同表情下保持关键面部特征的一致性，特别是微笑时牙齿的露出方式和嘴唇的弧度。
*   AI生成时对于人物的脸型轮廓和下颌线角度需要更细致的把控，如果目标人物脸型偏柔和，AI也应避免生成过于刚硬的下颌线。","评分：5/10

判断理由：
这两张照片中的人物看起来不是同一个人。

主要差异如下：
1.  **眼睛**：第一张图片中的人物眼睛更大，双眼皮更明显，眼角形状也略有不同；而第二张图片中的人物眼睛相对较小，双眼皮不明显，眼型更细长。
2.  **鼻子**：第一张图片中的人物鼻梁高度适中，鼻头圆润，鼻孔露出程度较低；第二张图片中的人物鼻梁相对更高挺，鼻翼略宽，鼻头形状也稍有差异。
3.  **嘴巴/笑容**：第一张图片中的人物嘴角自然上扬，露齿笑，笑容弧度较大；第二张图片中的人物紧闭双唇，表情严肃，没有笑容。虽然表情不同会影响判断，但即使是微笑，第二张图片的嘴型与第一张图也存在差异。
4.  **脸型轮廓**：第一张图人物的脸型更偏向于瓜子脸，下颌线相对柔和；第二张图人物的下颌线更加清晰和有棱角，脸型显得更方正一些。

修改建议：
*   在生成AI图片时，需要更精确地调整眼睛的大小、形状、双眼皮特征以及鼻子的具体形态，包括鼻梁高低、鼻头圆润度等细节。
*   同时，在AI生成时应尝试在不同表情下保持关键面部特征的一致性，特别是微笑时牙齿的露出方式和嘴唇的弧度。
*   AI生成时对于人物的脸型轮廓和下颌线角度需要更细致的把控，如果目标人物脸型偏柔和，AI也应避免生成过于刚硬的下颌线。",8.4,
s_8ccf_iphone,bf_m_04,google/gemini-3.1-flash-image-preview,editing,/Users/lizeyan/Desktop/mvp_1/headshot_pipeline/experiments/output/s_8ccf_iphone_bf_m_04_google_gemini-3.1-flash-image-preview_editing_d7f32cf2.png,6,"两张图片中的人物有显著差异，不足以确认为同一个人。
主要差异点：
1.  **脸型轮廓**：第一张图片中的人物脸型偏圆润，下颌线角度柔和，颧骨不突出。第二张图片中的人物脸型线条更硬朗，腮部接近脸颊，颧骨和下颌骨角度更明显，下颌线更清晰。
2.  **眼睛**：第一张图片中的人物眼睛偏大，眼尾略微上扬，双眼皮褶皱明显。第二张图片中的人物眼睛相对较小，眼尾无明显上扬，双眼皮褶皱不明显，或者内双。
3.  **嘴巴/嘴唇厚度**：第一张图片中的人物唇形相对饱满，嘴唇厚度适中。第二张图片中的人物嘴唇略薄，尤其是上唇。
修改建议：
为了使AI生成图片更接近用户本人，建议在生成时更精确地调整以下参数：
*   **脸型**：明确指定更硬朗的脸部线条，突出下颌骨和颧骨。
*   **眼睛形状**：指定较小的眼型，内双或不明显的双眼皮，并注意眼尾走势不宜上扬。
*   **嘴唇厚度**：调整为更薄的唇形，尤其是上唇。","评分：6/10
判断理由：

两张图片中的人物有显著差异，不足以确认为同一个人。

主要差异点：
1.  **脸型轮廓**：第一张图片中的人物脸型偏圆润，下颌线角度柔和，颧骨不突出。第二张图片中的人物脸型线条更硬朗，腮部接近脸颊，颧骨和下颌骨角度更明显，下颌线更清晰。
2.  **眼睛**：第一张图片中的人物眼睛偏大，眼尾略微上扬，双眼皮褶皱明显。第二张图片中的人物眼睛相对较小，眼尾无明显上扬，双眼皮褶皱不明显，或者内双。
3.  **嘴巴/嘴唇厚度**：第一张图片中的人物唇形相对饱满，嘴唇厚度适中。第二张图片中的人物嘴唇略薄，尤其是上唇。

修改建议：
为了使AI生成图片更接近用户本人，建议在生成时更精确地调整以下参数：
*   **脸型**：明确指定更硬朗的脸部线条，突出下颌骨和颧骨。
*   **眼睛形状**：指定较小的眼型，内双或不明显的双眼皮，并注意眼尾走势不宜上扬。
*   **嘴唇厚度**：调整为更薄的唇形，尤其是上唇。",4.4,
s_8ccf_iphone,bf_m_04,google/gemini-3.1-flash-image-preview,generation,/Users/lizeyan/Desktop/mvp_1/headshot_pipeline/experiments/output/s_8ccf_iphone_bf_m_04_google_gemini-3.1-flash-image-preview_generation_e9ea7d51.png,5,"评分：5/10
判断理由：两张图片中的不是同一个人。
1.  **脸型轮廓：** 第一张图的脸型偏向瓜子脸，下颌线更尖锐。第二张图的脸型偏方，下颌角更突出，下颌线也更平缓。
2.  **眼睛：** 第一张图的眼睛更大，双眼皮更明显，眼尾略微上扬。第二张图的眼睛相对较小，双眼皮不明显，眼尾更平直。
3.  **嘴巴：** 第一张图嘴唇较薄，嘴角上扬明显，呈现笑容。第二张图嘴唇略厚，嘴角平直，无笑容。

**修改建议：**
针对AI生成图片，应更精细化调整面部特征以贴近用户本人参考照片：
*   **脸型方面：** 调整脸部轮廓，使下颌线更方正，加宽下颌角部分，减少下巴的尖锐感。
*   **眼睛方面：** 将眼睛调整得略小一些，特别是眼裂高度，并弱化双眼皮的明显程度，使眼尾更平直。
*   **嘴巴方面：** 增加嘴唇厚度，并调整嘴角为平直状态，避免自动生成笑容。","评分：5/10
判断理由：两张图片中的不是同一个人。
1.  **脸型轮廓：** 第一张图的脸型偏向瓜子脸，下颌线更尖锐。第二张图的脸型偏方，下颌角更突出，下颌线也更平缓。
2.  **眼睛：** 第一张图的眼睛更大，双眼皮更明显，眼尾略微上扬。第二张图的眼睛相对较小，双眼皮不明显，眼尾更平直。
3.  **嘴巴：** 第一张图嘴唇较薄，嘴角上扬明显，呈现笑容。第二张图嘴唇略厚，嘴角平直，无笑容。

**修改建议：**
针对AI生成图片，应更精细化调整面部特征以贴近用户本人参考照片：
*   **脸型方面：** 调整脸部轮廓，使下颌线更方正，加宽下颌角部分，减少下巴的尖锐感。
*   **眼睛方面：** 将眼睛调整得略小一些，特别是眼裂高度，并弱化双眼皮的明显程度，使眼尾更平直。
*   **嘴巴方面：** 增加嘴唇厚度，并调整嘴角为平直状态，避免自动生成笑容。",4.5,
s_8ccf_iphone,film_m_cyber,google/gemini-3-pro-image-preview,editing,/Users/lizeyan/Desktop/mvp_1/headshot_pipeline/experiments/output/s_8ccf_iphone_film_m_cyber_google_gemini-3-pro-image-preview_editing_e5eea44e.png,5,"评分：5/10
判断理由：两张图片中的不是同一个人。
1. **眼睛：** 第一张图片的眼睛形状更偏长，眼角更尖锐，内眦赘皮更明显，双眼皮褶皱较窄且不明显。第二张图片眼睛形状更偏圆，眼角相对柔和，双眼皮褶皱清晰可见，且眼裂更大。
2. **鼻子：** 第一张图片的鼻梁起伏感更强，鼻头相对宽厚，鼻孔露出程度更高。第二张图片的鼻梁整体更平直，鼻头相对小巧精致，鼻孔露出程度较低。
3. **肤色与肤质：** 第一张图片由于光线和环境影响，肤色呈现出红润但略显粗糙、毛孔可见的质感。第二张图片肤色均匀，肤质光滑细腻。

修改建议：
* AI生成时，应更精确地模拟原图人物的眼睛形状（眼角、双眼皮）、鼻部特征（鼻梁弧度、鼻头大小）和肤质细节，避免在基础面部特征上产生偏差。","评分：5/10
判断理由：两张图片中的不是同一个人。
1. **眼睛：** 第一张图片的眼睛形状更偏长，眼角更尖锐，内眦赘皮更明显，双眼皮褶皱较窄且不明显。第二张图片眼睛形状更偏圆，眼角相对柔和，双眼皮褶皱清晰可见，且眼裂更大。
2. **鼻子：** 第一张图片的鼻梁起伏感更强，鼻头相对宽厚，鼻孔露出程度更高。第二张图片的鼻梁整体更平直，鼻头相对小巧精致，鼻孔露出程度较低。
3. **肤色与肤质：** 第一张图片由于光线和环境影响，肤色呈现出红润但略显粗糙、毛孔可见的质感。第二张图片肤色均匀，肤质光滑细腻。

修改建议：
* AI生成时，应更精确地模拟原图人物的眼睛形状（眼角、双眼皮）、鼻部特征（鼻梁弧度、鼻头大小）和肤质细节，避免在基础面部特征上产生偏差。",8.2,
s_8ccf_iphone,film_m_cyber,google/gemini-3-pro-image-preview,generation,/Users/lizeyan/Desktop/mvp_1/headshot_pipeline/experiments/output/s_8ccf_iphone_film_m_cyber_google_gemini-3-pro-image-preview_generation_7d775fd8.png,5,无法通过修改建议使两张图片的人成为同一个人，因为面部特征差异过大。若要通过AI生成图片达到用户本人的要求，则需要更精准地捕捉用户本人的面部细节特征进行生成，而非仅是“看起来像”的泛泛生成。,"评分：5/10

判断理由：
这两张图片中的人明显不是同一个人。
1. 脸型轮廓：第一张图中的人脸型偏向长方脸，下颌线更明显且角度更为硬朗；第二张图中的人脸型更偏向鹅蛋脸，下颌线过渡更柔和。
2. 眼睛：第一张图中的人眼睛形状更细长，眼尾略微上扬，双眼皮不明显；第二张图中的人眼睛形状偏圆，双眼皮明显，眼尾平直。
3. 眉毛：第一张图中的人眉毛浓密且眉峰明显，眉间距相对较窄；第二张图中的人眉毛虽然也浓密，但眉峰不突出，眉形相对平缓。

修改建议：
无法通过修改建议使两张图片的人成为同一个人，因为面部特征差异过大。若要通过AI生成图片达到用户本人的要求，则需要更精准地捕捉用户本人的面部细节特征进行生成，而非仅是“看起来像”的泛泛生成。",4.5,
s_8ccf_iphone,film_m_cyber,google/gemini-3.1-flash-image-preview,editing,/Users/lizeyan/Desktop/mvp_1/headshot_pipeline/experiments/output/s_8ccf_iphone_film_m_cyber_google_gemini-3.1-flash-image-preview_editing_1d43c96a.png,5,"这两张图片中的人脸存在多处明显差异，无法判断为同一个人。
主要差异如下：
1.  **鼻子**：
*   **AI生成图片**：鼻梁较高且挺拔，鼻头略呈鹰钩状，鼻孔露出程度不明显。
*   **用户参考照片**：鼻梁相对平缓，鼻头偏圆润，没有明显的鹰钩鼻特征，鼻孔露出程度略高。
*   **修改建议**：AI生成图片的鼻梁和鼻头形状应调整得更接近用户参考照片的特征，尤其是鼻头的圆润程度。
2.  **眼睛**：
*   **AI生成图片**：双眼皮折痕较深且宽，眼角较为尖锐，眼型偏长。
*   **用户参考照片**：双眼皮折痕较窄且内敛，眼角相对圆润，眼型偏杏仁状。
*   **修改建议**：AI生成图片的双眼皮宽度和眼角形状应调整得更符合用户参考照片的特点，减少眼角的尖锐感。
3.  **眉毛**：
*   **AI生成图片**：眉毛浓密，眉峰较高且明显，眉头间距适中，眉形整体偏上扬。
*   **用户参考照片**：眉毛相对自然，眉峰不明显，眉形较为平缓，眉头间距稍窄。
*   **修改建议**：AI生成图片的眉峰高度和眉毛的整体弧度应调整得更平缓，减少上扬感，并适当调整眉头间距。
尽管两张图片中的人都有亚洲男性特征，但面部细节差异巨大，无法被视为同一个人。","评分：5/10

判断理由：
这两张图片中的人脸存在多处明显差异，无法判断为同一个人。

主要差异如下：
1.  **鼻子**：
    *   **AI生成图片**：鼻梁较高且挺拔，鼻头略呈鹰钩状，鼻孔露出程度不明显。
    *   **用户参考照片**：鼻梁相对平缓，鼻头偏圆润，没有明显的鹰钩鼻特征，鼻孔露出程度略高。
    *   **修改建议**：AI生成图片的鼻梁和鼻头形状应调整得更接近用户参考照片的特征，尤其是鼻头的圆润程度。

2.  **眼睛**：
    *   **AI生成图片**：双眼皮折痕较深且宽，眼角较为尖锐，眼型偏长。
    *   **用户参考照片**：双眼皮折痕较窄且内敛，眼角相对圆润，眼型偏杏仁状。
    *   **修改建议**：AI生成图片的双眼皮宽度和眼角形状应调整得更符合用户参考照片的特点，减少眼角的尖锐感。

3.  **眉毛**：
    *   **AI生成图片**：眉毛浓密，眉峰较高且明显，眉头间距适中，眉形整体偏上扬。
    *   **用户参考照片**：眉毛相对自然，眉峰不明显，眉形较为平缓，眉头间距稍窄。
    *   **修改建议**：AI生成图片的眉峰高度和眉毛的整体弧度应调整得更平缓，减少上扬感，并适当调整眉头间距。

尽管两张图片中的人都有亚洲男性特征，但面部细节差异巨大，无法被视为同一个人。",8.0,
s_8ccf_iphone,film_m_cyber,google/gemini-3.1-flash-image-preview,generation,/Users/lizeyan/Desktop/mvp_1/headshot_pipeline/experiments/output/s_8ccf_iphone_film_m_cyber_google_gemini-3.1-flash-image-preview_generation_c0365735.png,5,"3.  **眼睛：** 第一张图片的眼睛形状更偏细长，眼尾略微上扬，眼距相对较近。第二张图片的眼睛形状更圆一些，眼距相对稍宽，眼角形状也有所不同。
修改建议：
若想让AI生成的人物更接近参考照片，需要对以下特征进行更精准的调整：
*   调整AI生成人物的脸型轮廓，使其下颌线更圆润，减少棱角感。
*   调整AI生成人物的鼻子特征，降低鼻梁高度，拓宽鼻翼，并使鼻头更圆润。
*   调整AI生成人物的眼睛形状和眼距，使其更接近参考照片中眼睛的圆润度和眼距。","评分：5/10

判断理由：
这两张图片中的人物并非同一个人。
1.  **脸型轮廓：** 第一张图片中的人物脸型偏方，下颌线较为突出且角度明显；第二张图片中的人物脸型则更偏瓜子脸，下颌线圆润，没有明显的棱角感。
2.  **鼻子：** 第一张图片的鼻子鼻梁更高挺，鼻翼相对窄一些，鼻头也比较尖。第二张图片的鼻子鼻梁稍低，鼻翼略宽，鼻头更为圆润。
3.  **眼睛：** 第一张图片的眼睛形状更偏细长，眼尾略微上扬，眼距相对较近。第二张图片的眼睛形状更圆一些，眼距相对稍宽，眼角形状也有所不同。

修改建议：
若想让AI生成的人物更接近参考照片，需要对以下特征进行更精准的调整：
*   调整AI生成人物的脸型轮廓，使其下颌线更圆润，减少棱角感。
*   调整AI生成人物的鼻子特征，降低鼻梁高度，拓宽鼻翼，并使鼻头更圆润。
*   调整AI生成人物的眼睛形状和眼距，使其更接近参考照片中眼睛的圆润度和眼距。",6.1,
s_8ccf_iphone,gf_m_hanfu,google/gemini-2.5-flash-image,editing,/Users/lizeyan/Desktop/mvp_1/headshot_pipeline/experiments/output/s_8ccf_iphone_gf_m_hanfu_google_gemini-2.5-flash-image_editing_c3282c47.png,5,"这两张图片中的人物并非同一个人。尽管两张图片中的人物面部某些特征有相似之处，但存在多处明显差异。
差异最大的面部特征：
1.  **脸型轮廓**：第一张图片中的人物脸型偏长，下颌线更为柔和且略带弧度。第二张图片中的人物脸型则更偏方圆，下颌角相对更明显，整体面部轮廓显得更宽阔。
2.  **眼睛**：第一张图片中的人物眼睛形状更细长，眼角上扬较为明显，整体给人感觉较为清秀。第二张图片中的人物眼睛则相对更大更圆，眼距略宽，眼神更为凌厉。
3.  **嘴巴**：第一张图片中的人物嘴唇略薄，嘴角线条平直，整体唇形较为秀气。第二张图片中的人物嘴唇则相对更厚实，特别是下唇，嘴角略微下沉，唇形丰满。
修改建议：
AI生成时需更精确地参考真实人物的脸型比例、眼部细节（包括眼角、眼距、眼皮形状）以及唇部特征，应避免在这些关键区域产生明显的偏差，否则极易导致“像但不是本人”的情况。尤其是脸型的整体架构和五官之间的比例关系，是识别个体身份的关键。","评分：5/10

判断理由：
这两张图片中的人物并非同一个人。尽管两张图片中的人物面部某些特征有相似之处，但存在多处明显差异。

差异最大的面部特征：
1.  **脸型轮廓**：第一张图片中的人物脸型偏长，下颌线更为柔和且略带弧度。第二张图片中的人物脸型则更偏方圆，下颌角相对更明显，整体面部轮廓显得更宽阔。
2.  **眼睛**：第一张图片中的人物眼睛形状更细长，眼角上扬较为明显，整体给人感觉较为清秀。第二张图片中的人物眼睛则相对更大更圆，眼距略宽，眼神更为凌厉。
3.  **嘴巴**：第一张图片中的人物嘴唇略薄，嘴角线条平直，整体唇形较为秀气。第二张图片中的人物嘴唇则相对更厚实，特别是下唇，嘴角略微下沉，唇形丰满。

修改建议：
AI生成时需更精确地参考真实人物的脸型比例、眼部细节（包括眼角、眼距、眼皮形状）以及唇部特征，应避免在这些关键区域产生明显的偏差，否则极易导致“像但不是本人”的情况。尤其是脸型的整体架构和五官之间的比例关系，是识别个体身份的关键。",6.1,
s_8ccf_iphone,gf_m_hanfu,google/gemini-2.5-flash-image,generation,/Users/lizeyan/Desktop/mvp_1/headshot_pipeline/experiments/output/s_8ccf_iphone_gf_m_hanfu_google_gemini-2.5-flash-image_generation_3870e3ef.png,5,"判断理由：两张图片中的人物有相似之处，但存在多处明显差异，无法完全确认为同一个人。
主要差异：
1.  **脸型轮廓：**
*   第一张图片（AI生成）人物的脸型偏向长脸，下颌线更为柔和，下巴略尖。
*   第二张图片（用户本人参考照片）人物的脸型更偏方圆，下颌角稍宽，下巴也更方。
2.  **眼睛：**
*   第一张图片人物的双眼皮更为明显，眼型整体偏细长，眼角更尖。
*   第二张图片人物的眼部特征更接近内双或不明显双眼皮，眼裂相对较短，眼形更圆，整体眼睛偏小。
3.  **嘴巴：**
*   第一张图片人物的嘴唇较薄，尤其是上唇。
*   第二张图片人物的嘴唇更饱满，尤其是下唇。
修改建议：
为了使AI生成的人物更接近参考照片，建议调整以下特征：
*   AI生成人物的脸型应更宽一些，尤其是下颌骨区域，使其更贴近方圆脸。
*   AI生成人物的眼睛应调整为内双或不明显双眼皮，并略微缩短眼裂长度，使眼形更圆，接近参考照片的眼睛特征。
*   AI生成人物的嘴唇应增加厚度，特别是下唇，使其更饱满。","评分：5/10
判断理由：两张图片中的人物有相似之处，但存在多处明显差异，无法完全确认为同一个人。

主要差异：
1.  **脸型轮廓：**
    *   第一张图片（AI生成）人物的脸型偏向长脸，下颌线更为柔和，下巴略尖。
    *   第二张图片（用户本人参考照片）人物的脸型更偏方圆，下颌角稍宽，下巴也更方。
2.  **眼睛：**
    *   第一张图片人物的双眼皮更为明显，眼型整体偏细长，眼角更尖。
    *   第二张图片人物的眼部特征更接近内双或不明显双眼皮，眼裂相对较短，眼形更圆，整体眼睛偏小。
3.  **嘴巴：**
    *   第一张图片人物的嘴唇较薄，尤其是上唇。
    *   第二张图片人物的嘴唇更饱满，尤其是下唇。

修改建议：
为了使AI生成的人物更接近参考照片，建议调整以下特征：
*   AI生成人物的脸型应更宽一些，尤其是下颌骨区域，使其更贴近方圆脸。
*   AI生成人物的眼睛应调整为内双或不明显双眼皮，并略微缩短眼裂长度，使眼形更圆，接近参考照片的眼睛特征。
*   AI生成人物的嘴唇应增加厚度，特别是下唇，使其更饱满。",4.9,
s_8ccf_iphone,gf_m_hanfu,google/gemini-3-pro-image-preview,editing,/Users/lizeyan/Desktop/mvp_1/headshot_pipeline/experiments/output/s_8ccf_iphone_gf_m_hanfu_google_gemini-3-pro-image-preview_editing_bd95d283.png,9,判断理由：两张图片中的人物高度相似，可以判断为同一个人。尽管第一张图片中的人物皮肤看起来稍微白皙一些，可能受到了光线和滤镜的影响，但面部的主要特征，如脸型轮廓、眼睛、鼻子、嘴巴和眉毛，其形状、比例和相对位置都高度一致。第一张图片中人物的下颌线更加清晰，可能是由于拍摄角度和表情略有差异，以及服装和环境带来的整体氛围感不同所致。这些差异不足以推翻是同一人的判断。,"评分：9/10
判断理由：两张图片中的人物高度相似，可以判断为同一个人。尽管第一张图片中的人物皮肤看起来稍微白皙一些，可能受到了光线和滤镜的影响，但面部的主要特征，如脸型轮廓、眼睛、鼻子、嘴巴和眉毛，其形状、比例和相对位置都高度一致。第一张图片中人物的下颌线更加清晰，可能是由于拍摄角度和表情略有差异，以及服装和环境带来的整体氛围感不同所致。这些差异不足以推翻是同一人的判断。",4.4,
s_8ccf_iphone,gf_m_hanfu,google/gemini-3-pro-image-preview,generation,/Users/lizeyan/Desktop/mvp_1/headshot_pipeline/experiments/output/s_8ccf_iphone_gf_m_hanfu_google_gemini-3-pro-image-preview_generation_ab72d9df.png,6,"两张照片中的人物在面部特征上存在多处明显差异，使得无法确认为同一个人，只能说有些相似。
**差异最大的面部特征：**
1.  **眼睛：**
*   第一张图片中人物的眼睛形状偏向细长型，内眼角尖锐，双眼皮褶皱较窄。
*   第二张图片中人物的眼睛形状相对更圆润，双眼皮褶皱更明显且稍宽，眼距感觉略近。
2.  **鼻子：**
*   第一张图片中人物的鼻梁更挺拔，鼻头略尖，鼻翼相对较窄，鼻孔露出程度低。
*   第二张图片中人物的鼻梁虽然也高挺，但鼻头更圆润，鼻翼稍宽，鼻孔露出程度相对较高。
3.  **脸型轮廓与下颌线：**
*   第一张图片中人物的脸型更偏向长瓜子脸，下颌线角度柔和，下巴尖。
*   第二张图片中人物的脸型相对更方，下颌线更突出，下巴也更方正。
**修改建议：**
如果目标是生成与第二张图片中人物一致的AI图像，需要对以下特征进行精确调整：
*   调整眼睛的形状，使其更圆润，并加宽双眼皮褶皱。
*   调整鼻头形状，使其更圆润，并略微增加鼻翼宽度和鼻孔露出程度。
*   调整脸型，使其下颌线更明显，呈现出更方正的脸型。","评分：6/10
判断理由：

两张照片中的人物在面部特征上存在多处明显差异，使得无法确认为同一个人，只能说有些相似。

**差异最大的面部特征：**

1.  **眼睛：**
    *   第一张图片中人物的眼睛形状偏向细长型，内眼角尖锐，双眼皮褶皱较窄。
    *   第二张图片中人物的眼睛形状相对更圆润，双眼皮褶皱更明显且稍宽，眼距感觉略近。

2.  **鼻子：**
    *   第一张图片中人物的鼻梁更挺拔，鼻头略尖，鼻翼相对较窄，鼻孔露出程度低。
    *   第二张图片中人物的鼻梁虽然也高挺，但鼻头更圆润，鼻翼稍宽，鼻孔露出程度相对较高。

3.  **脸型轮廓与下颌线：**
    *   第一张图片中人物的脸型更偏向长瓜子脸，下颌线角度柔和，下巴尖。
    *   第二张图片中人物的脸型相对更方，下颌线更突出，下巴也更方正。

**修改建议：**

如果目标是生成与第二张图片中人物一致的AI图像，需要对以下特征进行精确调整：
*   调整眼睛的形状，使其更圆润，并加宽双眼皮褶皱。
*   调整鼻头形状，使其更圆润，并略微增加鼻翼宽度和鼻孔露出程度。
*   调整脸型，使其下颌线更明显，呈现出更方正的脸型。",5.5,
s_8ccf_iphone,gf_m_hanfu,google/gemini-3.1-flash-image-preview,editing,/Users/lizeyan/Desktop/mvp_1/headshot_pipeline/experiments/output/s_8ccf_iphone_gf_m_hanfu_google_gemini-3.1-flash-image-preview_editing_98b7b6f7.png,9,"判断理由：两张照片中的人物高度相似，可以判断为同一个人。尽管发型、服装和光线有所差异，但面部特征的整体比例和细节吻合度很高。
具体分析：
1.  **脸型轮廓：** 两者的脸型轮廓均为鹅蛋脸偏方，下颌线角度自然，吻合度高。
2.  **眼睛：** 眼睛大小、形状（内双）、眼距和眼角形状基本一致。第一张图眼角因角度略显上扬，第二张图更平直，但这是角度引起的视觉差异。
3.  **鼻子：** 鼻梁高度、鼻翼宽度、鼻头形状和鼻孔露出程度高度一致。
4.  **嘴巴：** 嘴唇厚度适中，嘴角线条自然，牙齿未露出，吻合。
5.  **眉毛：** 眉毛粗细适中，弧度自然，眉峰位置和眉头间距吻合。
6.  **发型与发际线：** 尽管发型差异大（长发束起与短发），但发际线形状和高低基本一致。
7.  **肤色与肤质：** 肤色和肤质均呈现健康自然状态，无明显差异。
8.  **明显标记：** 未见明显痣、疤痕等标记，但两图人物均无这些标记，因此无法作为区分依据。
总体而言，虽然第一张是AI生成且风格化严重，但它在面部特征上精准地还原了第二张图片人物的特点，达到了极高的吻合度。","评分：9/10
判断理由：两张照片中的人物高度相似，可以判断为同一个人。尽管发型、服装和光线有所差异，但面部特征的整体比例和细节吻合度很高。

具体分析：
1.  **脸型轮廓：** 两者的脸型轮廓均为鹅蛋脸偏方，下颌线角度自然，吻合度高。
2.  **眼睛：** 眼睛大小、形状（内双）、眼距和眼角形状基本一致。第一张图眼角因角度略显上扬，第二张图更平直，但这是角度引起的视觉差异。
3.  **鼻子：** 鼻梁高度、鼻翼宽度、鼻头形状和鼻孔露出程度高度一致。
4.  **嘴巴：** 嘴唇厚度适中，嘴角线条自然，牙齿未露出，吻合。
5.  **眉毛：** 眉毛粗细适中，弧度自然，眉峰位置和眉头间距吻合。
6.  **发型与发际线：** 尽管发型差异大（长发束起与短发），但发际线形状和高低基本一致。
7.  **肤色与肤质：** 肤色和肤质均呈现健康自然状态，无明显差异。
8.  **明显标记：** 未见明显痣、疤痕等标记，但两图人物均无这些标记，因此无法作为区分依据。

总体而言，虽然第一张是AI生成且风格化严重，但它在面部特征上精准地还原了第二张图片人物的特点，达到了极高的吻合度。",6.3,
s_8ccf_iphone,gf_m_hanfu,google/gemini-3.1-flash-image-preview,generation,/Users/lizeyan/Desktop/mvp_1/headshot_pipeline/experiments/output/s_8ccf_iphone_gf_m_hanfu_google_gemini-3.1-flash-image-preview_generation_9ab4f340.png,5,"判断理由：两张图片中的人物并非同一人，差异体现在：
1.  **脸型轮廓：** 第一张图片中的人物脸型偏长，下颌线弧度更柔和，颧骨不明显；第二张图片中的人物脸型较宽，下颌角更突出，颧骨相对明显，整体轮廓更趋向于方脸与圆脸之间。
2.  **眼睛：** 第一张图片中的人物是明显的单眼皮，眼型细长，眼尾略向上扬，眼距适中；第二张图片中的人物是内双或浅双眼皮，眼型相对圆润，眼角走向更平缓，眼距略宽于第一张图片。
3.  **鼻子：** 第一张图片中的人物鼻梁高挺，鼻头较尖细，鼻孔露出程度较低；第二张图片中的人物鼻梁相对低平，鼻头较为圆润，鼻孔露出程度略高。
修改建议：
*   **对于AI生成图的生成者：** 建议在生成AI图片时，更精确地调整人物的脸型（特别是下颌线和颧骨）、眼睛（单双眼皮、眼型圆润度、眼角走向）和鼻子（鼻梁高度、鼻头形状），以更贴近用户提供的参考照片。可以尝试使用多角度、多表情的参考图输入，并利用AI模型的细节调整功能进行微调。","评分：5/10
判断理由：两张图片中的人物并非同一人，差异体现在：
1.  **脸型轮廓：** 第一张图片中的人物脸型偏长，下颌线弧度更柔和，颧骨不明显；第二张图片中的人物脸型较宽，下颌角更突出，颧骨相对明显，整体轮廓更趋向于方脸与圆脸之间。
2.  **眼睛：** 第一张图片中的人物是明显的单眼皮，眼型细长，眼尾略向上扬，眼距适中；第二张图片中的人物是内双或浅双眼皮，眼型相对圆润，眼角走向更平缓，眼距略宽于第一张图片。
3.  **鼻子：** 第一张图片中的人物鼻梁高挺，鼻头较尖细，鼻孔露出程度较低；第二张图片中的人物鼻梁相对低平，鼻头较为圆润，鼻孔露出程度略高。

修改建议：
*   **对于AI生成图的生成者：** 建议在生成AI图片时，更精确地调整人物的脸型（特别是下颌线和颧骨）、眼睛（单双眼皮、眼型圆润度、眼角走向）和鼻子（鼻梁高度、鼻头形状），以更贴近用户提供的参考照片。可以尝试使用多角度、多表情的参考图输入，并利用AI模型的细节调整功能进行微调。",5.9,
s_8ccf_iphone,gf_m_hanfu,openai/gpt-5-image-mini,editing,/Users/lizeyan/Desktop/mvp_1/headshot_pipeline/experiments/output/s_8ccf_iphone_gf_m_hanfu_openai_gpt-5-image-mini_editing_25ec2a54.png,6,"判断理由：两张图片中的人物有相似之处，但存在明显差异，不足以确认为同一个人。
主要差异特征：
1.  **脸型轮廓**：第一张图片中的人物脸型更偏向长方形，下颌线 angular 且颧骨位置略高；第二张图片中的人物脸型线条更柔和，下颌线弧度更圆润，整体脸型看起来更饱满。
2.  **眼睛**：第一张图片中的人物眼睛形状更细长，眼尾明显上扬，眼距","评分：6/10
判断理由：两张图片中的人物有相似之处，但存在明显差异，不足以确认为同一个人。

主要差异特征：
1.  **脸型轮廓**：第一张图片中的人物脸型更偏向长方形，下颌线 angular 且颧骨位置略高；第二张图片中的人物脸型线条更柔和，下颌线弧度更圆润，整体脸型看起来更饱满。
2.  **眼睛**：第一张图片中的人物眼睛形状更细长，眼尾明显上扬，眼距",7.7,
s_8ccf_iphone,gf_m_hanfu,openai/gpt-5-image-mini,generation,/Users/lizeyan/Desktop/mvp_1/headshot_pipeline/experiments/output/s_8ccf_iphone_gf_m_hanfu_openai_gpt-5-image-mini_generation_6ec9011a.png,5,要使AI生成人物更接近用户本人，需要调整脸型轮廓使其更圆润，下颌线角度更陡峭。同时，眼睛的形状需要调整得更圆，并增加双眼皮的明显度。嘴唇的厚度和形状也需要调整得更饱满，并突出唇峰。,"评分：5/10
判断理由：

1.  **脸型轮廓：** 第一张图片中的人物脸型偏长，下颌线明显且角度较为平缓；第二张图片中的人物脸型较圆润，下颌线角度更陡峭，脸颊部分更饱满。
2.  **眼睛：** 第一张图片中的人物眼睛偏细长，双眼皮褶皱不明显，眼角较尖；第二张图片中的人物眼睛更圆，有明显的双眼皮，眼角也略圆润。
3.  **嘴巴：** 第一张图片中的人物嘴唇略薄，唇峰和唇珠不明显；第二张图片中的人物嘴唇相对饱满，唇峰明显。

**修改建议：**
要使AI生成人物更接近用户本人，需要调整脸型轮廓使其更圆润，下颌线角度更陡峭。同时，眼睛的形状需要调整得更圆，并增加双眼皮的明显度。嘴唇的厚度和形状也需要调整得更饱满，并突出唇峰。",4.7,
s_8ccf_iphone,gf_m_hanfu,openai/gpt-5-image,generation,/Users/lizeyan/Desktop/mvp_1/headshot_pipeline/experiments/output/s_8ccf_iphone_gf_m_hanfu_openai_gpt-5-image_generation_0ef5e4ee.png,5,"判断理由：两张图片中的人不像同一个人。
1. 脸型轮廓：第一张图片中的人脸型更偏方，下颌角更突出；第二张图片中的人脸型更圆润，下颌线弧度更流畅。
2. 眉毛：第一张图片中的人眉毛更浓密，眉峰更明显，眉形更平直；第二张图片中的人眉毛相对稀疏，眉形有自然弧度。
3. 鼻子：第一张图片中的人鼻梁较高挺，鼻头较为尖锐；第二张图片中的人鼻梁相对平缓，鼻头略圆润。
修改建议：
- 调整AI生成图像中人物的脸型，使其下颌角更柔和，脸部轮廓更圆润，向第二张图靠拢。
- 调整AI生成图像中人物的眉毛，使其眉形更自然，眉峰不那么突出，眉毛浓密度适中。
- 调整AI生成图像中人物的鼻子，使其鼻梁高度适中，鼻尖更圆润，以匹配第二张图的特征。","评分：5/10
判断理由：两张图片中的人不像同一个人。
1. 脸型轮廓：第一张图片中的人脸型更偏方，下颌角更突出；第二张图片中的人脸型更圆润，下颌线弧度更流畅。
2. 眉毛：第一张图片中的人眉毛更浓密，眉峰更明显，眉形更平直；第二张图片中的人眉毛相对稀疏，眉形有自然弧度。
3. 鼻子：第一张图片中的人鼻梁较高挺，鼻头较为尖锐；第二张图片中的人鼻梁相对平缓，鼻头略圆润。

修改建议：
- 调整AI生成图像中人物的脸型，使其下颌角更柔和，脸部轮廓更圆润，向第二张图靠拢。
- 调整AI生成图像中人物的眉毛，使其眉形更自然，眉峰不那么突出，眉毛浓密度适中。
- 调整AI生成图像中人物的鼻子，使其鼻梁高度适中，鼻尖更圆润，以匹配第二张图的特征。",6.7,
s_b735,bf_m_04,google/gemini-3-pro-image-preview,editing,/Users/lizeyan/Desktop/mvp_1/headshot_pipeline/experiments/output/s_b735_bf_m_04_google_gemini-3-pro-image-preview_editing_bbab11a3.png,6,"判断理由：两张图片中的人脸存在多处细节差异，尽管整体看起来比较相似，但无法判定为同一人。
差异最大的面部特征：
1.  **眼睛：** 第一张图片中的眼睛形状更圆一些，尤其是眼尾处略微下垂，双眼皮褶皱相对明显。第二张图片中的眼睛形状更细长，眼尾略微上挑，双眼皮褶皱较窄。
2.  **鼻子：** 第一张图片中的鼻梁相对平缓，鼻头略微圆润，鼻孔露出程度不明显。第二张图片中的鼻梁更为挺拔，鼻头略尖，鼻孔有轻微露出。
3.  **嘴巴：** 第一张图片中的嘴唇相对饱满，笑容弧度比较自然，露出的牙齿形状规整。第二张图片中的嘴唇较薄，笑容弧度略显僵硬，露出的牙齿排列和形状与第一张图有细微差别。
4.  **脸型轮廓与下颌线：** 第一张图片中的脸型略显柔和，下颌线过渡自然。第二张图片中的下颌线更为清晰和硬朗，脸型感觉略窄。
修改建议：
为了提高AI生成图片与本人参考照片的一致性，建议在AI生成时更加精细地控制面部特征的细节，例如：
*   **调整眼睛的形状和眼尾方向：** 使其更符合本人照片中细长且略带上挑的眼型。
*   **精确模拟鼻子的结构：** 特别是鼻梁的高度、鼻头的尖锐程度以及鼻孔的微小露出。
*   **优化嘴唇的厚度和笑容的自然度：** 确保嘴唇形态和牙齿露出情况与本人照片保持一致。
*   **雕刻脸部轮廓和下颌线：** 使其与本人照片中的硬朗线条相匹配。","评分：6/10
判断理由：两张图片中的人脸存在多处细节差异，尽管整体看起来比较相似，但无法判定为同一人。

差异最大的面部特征：
1.  **眼睛：** 第一张图片中的眼睛形状更圆一些，尤其是眼尾处略微下垂，双眼皮褶皱相对明显。第二张图片中的眼睛形状更细长，眼尾略微上挑，双眼皮褶皱较窄。
2.  **鼻子：** 第一张图片中的鼻梁相对平缓，鼻头略微圆润，鼻孔露出程度不明显。第二张图片中的鼻梁更为挺拔，鼻头略尖，鼻孔有轻微露出。
3.  **嘴巴：** 第一张图片中的嘴唇相对饱满，笑容弧度比较自然，露出的牙齿形状规整。第二张图片中的嘴唇较薄，笑容弧度略显僵硬，露出的牙齿排列和形状与第一张图有细微差别。
4.  **脸型轮廓与下颌线：** 第一张图片中的脸型略显柔和，下颌线过渡自然。第二张图片中的下颌线更为清晰和硬朗，脸型感觉略窄。

修改建议：
为了提高AI生成图片与本人参考照片的一致性，建议在AI生成时更加精细地控制面部特征的细节，例如：
*   **调整眼睛的形状和眼尾方向：** 使其更符合本人照片中细长且略带上挑的眼型。
*   **精确模拟鼻子的结构：** 特别是鼻梁的高度、鼻头的尖锐程度以及鼻孔的微小露出。
*   **优化嘴唇的厚度和笑容的自然度：** 确保嘴唇形态和牙齿露出情况与本人照片保持一致。
*   **雕刻脸部轮廓和下颌线：** 使其与本人照片中的硬朗线条相匹配。",8.0,
s_b735,bf_m_04,google/gemini-3-pro-image-preview,generation,/Users/lizeyan/Desktop/mvp_1/headshot_pipeline/experiments/output/s_b735_bf_m_04_google_gemini-3-pro-image-preview_generation_776902f4.png,8,"6.  **发型与发际线：** 都是短发，向后梳，发际线高低一致，发型相似但细节略有不同（第一张图发型更蓬松，第二张图更服帖）。
7.  **肤色与肤质：** 肤色相近，肤质均为亚洲人常见的健康肤质。
8.  **明显标记：** 均无明显痣、疤痕或眼镜等。
细微差异及提升建议：
虽然总体一致，但仍存在几个细微的视觉差异，主要是由拍摄角度、光线和表情变化引起：
*   **光线：** 第一张图片光线更柔和自然，面部阴影较少；第二张图片光线较硬，面部轮廓感更强。
*   **表情：** 第一张图片笑容略显放松，眼睛笑得更开；第二张图片笑容相对更标准、正式。
*   **发型：** 第一张图片的发型更显蓬松自然，第二张图片的发型则更规整服帖。
这些差异可以理解为同一人物在不同情境下的表现，并不影响身份的判断。
如果希望达到更高的相似度（例如像训练AI模型那样要求极其严格的证件照），建议：
*   在相似的光线条件下拍摄。
*   保持一致的面部表情（如标准微笑或不笑）。
*   发型保持一致。","评分：8/10

判断理由：
两张图片中的人物在大部分面部特征上表现出高度的一致性，可以判断为同一个人。

主要比对特征：
1.  **脸型轮廓：** 都是椭圆偏长的脸型，下颌线角度相似。
2.  **眼睛：** 眼睛大小、形状（细长型）、单眼皮特点、眼距和眼角形状都非常一致。
3.  **鼻子：** 鼻梁高度、鼻翼宽度、鼻头形状和鼻孔露出程度基本一致。
4.  **嘴巴：** 嘴唇厚度适中，笑容弧度相似，都露出了牙齿，牙齿形状和排列也相似。
5.  **眉毛：** 眉毛粗细适中，弧度自然，眉峰位置和眉头间距吻合。
6.  **发型与发际线：** 都是短发，向后梳，发际线高低一致，发型相似但细节略有不同（第一张图发型更蓬松，第二张图更服帖）。
7.  **肤色与肤质：** 肤色相近，肤质均为亚洲人常见的健康肤质。
8.  **明显标记：** 均无明显痣、疤痕或眼镜等。

细微差异及提升建议：
虽然总体一致，但仍存在几个细微的视觉差异，主要是由拍摄角度、光线和表情变化引起：

*   **光线：** 第一张图片光线更柔和自然，面部阴影较少；第二张图片光线较硬，面部轮廓感更强。
*   **表情：** 第一张图片笑容略显放松，眼睛笑得更开；第二张图片笑容相对更标准、正式。
*   **发型：** 第一张图片的发型更显蓬松自然，第二张图片的发型则更规整服帖。

这些差异可以理解为同一人物在不同情境下的表现，并不影响身份的判断。

如果希望达到更高的相似度（例如像训练AI模型那样要求极其严格的证件照），建议：
*   在相似的光线条件下拍摄。
*   保持一致的面部表情（如标准微笑或不笑）。
*   发型保持一致。",6.0,
s_b735,bf_m_04,google/gemini-3.1-flash-image-preview,editing,/Users/lizeyan/Desktop/mvp_1/headshot_pipeline/experiments/output/s_b735_bf_m_04_google_gemini-3.1-flash-image-preview_editing_eb6f2579.png,9,"1.  **脸型轮廓：** 两张图片的脸型轮廓基本一致，下颌线角度非常相似。左图由于光线和角度略有不同，显得脸颊稍饱满，但整体轮廓无明显差异。
2.  **眼睛：** 眼睛大小、形状、单双眼皮、眼距和眼角形状高度一致，特别是内眼角和外眼角的走向。
3.  **鼻子：** 鼻梁高度、鼻翼宽度、鼻头形状和鼻孔露出程度都保持一致。
4.  **嘴巴：** 嘴唇厚度、嘴角上扬的弧度以及牙齿露出情况高度吻合。
5.  **眉毛：** 眉毛的粗细、弧度、眉峰位置和眉头间距都非常相似。
6.  **发型与发际线：** 发型（短发，向后梳理）、发际线高低和分线方向基本一致，仅卷曲度在左图因为发胶使用或拍摄角度略有不同，但整体发型无本质区别。
7.  **肤色与肤质：** 肤色和肤质在两图中保持一致，没有明显差异。
8.  **明显标记：** 两图中的人物都没有明显的痣、疤痕或酒窝。右图颈部似乎有轻微的阴影或衣物纹理，但不足以构成差异。
综合来看，两张图片中的人是同一人，仅是拍摄环境、光线、表情和衣着有所不同。","评分：9/10
判断理由：两张图片中的人物是同一人。

逐项核对结果：
1.  **脸型轮廓：** 两张图片的脸型轮廓基本一致，下颌线角度非常相似。左图由于光线和角度略有不同，显得脸颊稍饱满，但整体轮廓无明显差异。
2.  **眼睛：** 眼睛大小、形状、单双眼皮、眼距和眼角形状高度一致，特别是内眼角和外眼角的走向。
3.  **鼻子：** 鼻梁高度、鼻翼宽度、鼻头形状和鼻孔露出程度都保持一致。
4.  **嘴巴：** 嘴唇厚度、嘴角上扬的弧度以及牙齿露出情况高度吻合。
5.  **眉毛：** 眉毛的粗细、弧度、眉峰位置和眉头间距都非常相似。
6.  **发型与发际线：** 发型（短发，向后梳理）、发际线高低和分线方向基本一致，仅卷曲度在左图因为发胶使用或拍摄角度略有不同，但整体发型无本质区别。
7.  **肤色与肤质：** 肤色和肤质在两图中保持一致，没有明显差异。
8.  **明显标记：** 两图中的人物都没有明显的痣、疤痕或酒窝。右图颈部似乎有轻微的阴影或衣物纹理，但不足以构成差异。

综合来看，两张图片中的人是同一人，仅是拍摄环境、光线、表情和衣着有所不同。",7.1,
s_b735,bf_m_04,google/gemini-3.1-flash-image-preview,generation,/Users/lizeyan/Desktop/mvp_1/headshot_pipeline/experiments/output/s_b735_bf_m_04_google_gemini-3.1-flash-image-preview_generation_31cd7884.png,6,"判断理由：两张图片中的人脸存在多处明显差异，无法确认为同一个人。
主要差异特征：
1.  **眼睛：**
*   第一张图片中人物的眼裂相对较长，眼角更开阔，眼尾走势略微上扬，双眼皮褶皱相对明显。
*   第二张图片中人物的眼裂相对较短，眼角略为内收，眼尾走势则更为平直，双眼皮褶皱较窄或不明显。
*   两者的眼型存在显著不同。
2.  **鼻子：**
*   第一张图片中人物的鼻梁宽度适中，鼻翼显得更宽，鼻头相对圆润，鼻孔露出程度较小。
*   第二张图片中人物的鼻梁看起来略窄且更高挺，鼻翼较窄，鼻头相对更尖细，鼻孔露出程度稍微明显一些。
3.  **嘴巴：**
*   第一张图片中人物的唇形较饱满，嘴角上扬弧度自然，笑容时牙齿露出较多。
*   第二张图片中人物的唇形相对薄一些，嘴角上扬弧度较平缓，笑容时露出牙齿的范围较小。
4.  **脸型轮廓：**
*   第一张图片中人物的脸型略显方圆，下颌线角度相对钝化。
*   第二张图片中人物的脸型轮廓更流畅，下颌线更为清晰且有一定角度感。
修改建议：
为了使 AI 生成图片更接近第二张用户本人参考照片，建议在生成时着重调整以下特征：
*   **眼型：** 调整为更窄的眼裂，内收的眼角，平直的眼尾，并减少双眼皮褶皱的明显度。
*   **鼻型：** 增加鼻梁的高度和窄度，收缩鼻翼，使鼻头更尖细，并略微增加鼻孔的露出程度。
*   **嘴唇：** 减少嘴唇的饱满度，使唇形变薄，并调整笑容弧度，减少露出牙齿的范围。","评分：6/10
判断理由：两张图片中的人脸存在多处明显差异，无法确认为同一个人。

主要差异特征：
1.  **眼睛：**
    *   第一张图片中人物的眼裂相对较长，眼角更开阔，眼尾走势略微上扬，双眼皮褶皱相对明显。
    *   第二张图片中人物的眼裂相对较短，眼角略为内收，眼尾走势则更为平直，双眼皮褶皱较窄或不明显。
    *   两者的眼型存在显著不同。
2.  **鼻子：**
    *   第一张图片中人物的鼻梁宽度适中，鼻翼显得更宽，鼻头相对圆润，鼻孔露出程度较小。
    *   第二张图片中人物的鼻梁看起来略窄且更高挺，鼻翼较窄，鼻头相对更尖细，鼻孔露出程度稍微明显一些。
3.  **嘴巴：**
    *   第一张图片中人物的唇形较饱满，嘴角上扬弧度自然，笑容时牙齿露出较多。
    *   第二张图片中人物的唇形相对薄一些，嘴角上扬弧度较平缓，笑容时露出牙齿的范围较小。
4.  **脸型轮廓：**
    *   第一张图片中人物的脸型略显方圆，下颌线角度相对钝化。
    *   第二张图片中人物的脸型轮廓更流畅，下颌线更为清晰且有一定角度感。

修改建议：
为了使 AI 生成图片更接近第二张用户本人参考照片，建议在生成时着重调整以下特征：
*   **眼型：** 调整为更窄的眼裂，内收的眼角，平直的眼尾，并减少双眼皮褶皱的明显度。
*   **鼻型：** 增加鼻梁的高度和窄度，收缩鼻翼，使鼻头更尖细，并略微增加鼻孔的露出程度。
*   **嘴唇：** 减少嘴唇的饱满度，使唇形变薄，并调整笑容弧度，减少露出牙齿的范围。",6.4,
s_b735,film_m_cyber,google/gemini-3-pro-image-preview,editing,/Users/lizeyan/Desktop/mvp_1/headshot_pipeline/experiments/output/s_b735_film_m_cyber_google_gemini-3-pro-image-preview_editing_5bb8fa74.png,5,"这两张图片中的人脸存在多处明显差异，无法确认为同一个人。
主要差异特征：
1.  **脸型轮廓（尤其是下颌线）**：
*   第一张图片（AI生成）：下颌线较为平缓，下巴略宽，整体脸型偏方圆。
*   第二张图片（用户参考）：下颌线更为清晰和锐利，下巴 narrower 且略尖，整体脸型偏瓜子脸。
2.  **眼睛（形状和眼角）**：
*   第一张图片（AI生成）：眼睛偏圆，内眼角有轻微赘皮，外眼角弧度较大。
*   第二张图片（用户参考）：眼睛更细长，内眼角尖锐，外眼角上扬，呈现明显的丹凤眼特征。
3.  **鼻子（鼻头形状和鼻孔露出程度）**：
*   第一张图片（AI生成）：鼻头较为圆润，鼻孔露出程度略高。
*   第二张图片（用户参考）：鼻头相对更精致，鼻孔露出程度较低。
4.  **嘴巴（嘴唇厚度、笑容弧度）**：
*   第一张图片（AI生成）：嘴唇整体偏厚，微笑时嘴角弧度自然，但略显生硬。
*   第二张图片（用户参考）：嘴唇略薄，微笑时嘴角上扬自然且有力，笑容弧度更开阔。
修改建议：
为了使AI生成图片更接近用户本人，建议：
*   调整AI生成图片的脸型，使其下颌线更锐利，下巴更尖，接近瓜子脸。
*   调整眼睛形状，使其更细长，内眼角更尖锐，外眼角呈现上扬的丹凤眼特征。","评分：5/10

判断理由：
这两张图片中的人脸存在多处明显差异，无法确认为同一个人。

主要差异特征：

1.  **脸型轮廓（尤其是下颌线）**：
    *   第一张图片（AI生成）：下颌线较为平缓，下巴略宽，整体脸型偏方圆。
    *   第二张图片（用户参考）：下颌线更为清晰和锐利，下巴 narrower 且略尖，整体脸型偏瓜子脸。

2.  **眼睛（形状和眼角）**：
    *   第一张图片（AI生成）：眼睛偏圆，内眼角有轻微赘皮，外眼角弧度较大。
    *   第二张图片（用户参考）：眼睛更细长，内眼角尖锐，外眼角上扬，呈现明显的丹凤眼特征。

3.  **鼻子（鼻头形状和鼻孔露出程度）**：
    *   第一张图片（AI生成）：鼻头较为圆润，鼻孔露出程度略高。
    *   第二张图片（用户参考）：鼻头相对更精致，鼻孔露出程度较低。

4.  **嘴巴（嘴唇厚度、笑容弧度）**：
    *   第一张图片（AI生成）：嘴唇整体偏厚，微笑时嘴角弧度自然，但略显生硬。
    *   第二张图片（用户参考）：嘴唇略薄，微笑时嘴角上扬自然且有力，笑容弧度更开阔。

修改建议：
为了使AI生成图片更接近用户本人，建议：
*   调整AI生成图片的脸型，使其下颌线更锐利，下巴更尖，接近瓜子脸。
*   调整眼睛形状，使其更细长，内眼角更尖锐，外眼角呈现上扬的丹凤眼特征。",5.3,
s_b735,film_m_cyber,google/gemini-3-pro-image-preview,generation,/Users/lizeyan/Desktop/mvp_1/headshot_pipeline/experiments/output/s_b735_film_m_cyber_google_gemini-3-pro-image-preview_generation_30fcde7a.png,5,"这两张图片中的人明显不是同一个人，差异非常显著。
主要差异如下：
1.  **脸型轮廓**：第一张图片中的人脸型更加方正，下颌角更突出，面部线条粗犷。第二张图片中的人脸型偏椭圆，下巴更尖，整体脸部线条柔和。
2.  **眼睛**：第一张图片中的人眼睛细长，眼尾略上挑，眼神锐利。第二张图片中的人眼睛更大，眼型更圆润，眼距略宽，眼神温和。
3.  **眉毛**：第一张图片中的人眉毛浓密且平直，眉峰不明显。第二张图片中的人眉毛相对稀疏，有明显的眉峰弧度。
4.  **鼻子**：第一张图片中的人鼻梁较高，鼻头略大且方。第二张图片中的人鼻梁秀气，鼻头圆润。
5.  **肤色与肤质**：第一张图片中的人肤色偏深，肤质看起来较为粗糙，脸上有明显的光影造成的红色和蓝色反光。第二张图片中的人肤色均匀偏白，肤质细腻。
修改建议：
AI生成时，需要更严格地参照第二张图片的面部特征进行生成，而非仅仅是生成一个亚洲男性。特别是在脸型、眼睛、鼻子和眉毛这些关键面部特征上，需要做到高度匹配。","评分：5/10

判断理由：
这两张图片中的人明显不是同一个人，差异非常显著。

主要差异如下：
1.  **脸型轮廓**：第一张图片中的人脸型更加方正，下颌角更突出，面部线条粗犷。第二张图片中的人脸型偏椭圆，下巴更尖，整体脸部线条柔和。
2.  **眼睛**：第一张图片中的人眼睛细长，眼尾略上挑，眼神锐利。第二张图片中的人眼睛更大，眼型更圆润，眼距略宽，眼神温和。
3.  **眉毛**：第一张图片中的人眉毛浓密且平直，眉峰不明显。第二张图片中的人眉毛相对稀疏，有明显的眉峰弧度。
4.  **鼻子**：第一张图片中的人鼻梁较高，鼻头略大且方。第二张图片中的人鼻梁秀气，鼻头圆润。
5.  **肤色与肤质**：第一张图片中的人肤色偏深，肤质看起来较为粗糙，脸上有明显的光影造成的红色和蓝色反光。第二张图片中的人肤色均匀偏白，肤质细腻。

修改建议：
AI生成时，需要更严格地参照第二张图片的面部特征进行生成，而非仅仅是生成一个亚洲男性。特别是在脸型、眼睛、鼻子和眉毛这些关键面部特征上，需要做到高度匹配。",5.5,
s_b735,film_m_cyber,google/gemini-3.1-flash-image-preview,editing,/Users/lizeyan/Desktop/mvp_1/headshot_pipeline/experiments/output/s_b735_film_m_cyber_google_gemini-3.1-flash-image-preview_editing_65910c08.png,5,"主要差异点：
1.  **脸型轮廓（下颌线角度）**：第一张图中的人脸型偏圆，下颌线过渡较为柔和，略带一点饱满感。第二张图中的人脸型更偏国字脸或方脸，下颌骨线条更为分明和有力，下颌角角度更明显。
2.  **眼睛（形状、眼角形状、眼距）**：第一张图中的眼睛整体感觉更狭长，眼角弧度较大，眼尾略微上扬。第二张图中的眼睛相对来说眼裂更开阔一些，眼头和眼尾的形状更规整，眼距显得稍宽于第一张图。
3.  **鼻子（鼻梁高度、鼻头形状）**：第一张图中的鼻梁高度适中，鼻头形状偏圆润。第二张图中的鼻梁明显更高挺，鼻头也更为精致且略尖，鼻孔露出程度也不同。
修改建议：
第一张AI生成图需要大幅调整人物的面部特征以匹配第二张图。具体包括：
*   调整脸型，使其下颌线更加分明，下颌角更突出，避免过于圆润。
*   修正眼睛的形状和开合度，使其与第二张图中的人眼型一致，特别是眼角和眼距的细节。
*   提高鼻梁高度，并改变鼻头形状，使其更精致有型。","评分：5/10

判断理由：
这两张图片中的人不是同一个人。

主要差异点：
1.  **脸型轮廓（下颌线角度）**：第一张图中的人脸型偏圆，下颌线过渡较为柔和，略带一点饱满感。第二张图中的人脸型更偏国字脸或方脸，下颌骨线条更为分明和有力，下颌角角度更明显。
2.  **眼睛（形状、眼角形状、眼距）**：第一张图中的眼睛整体感觉更狭长，眼角弧度较大，眼尾略微上扬。第二张图中的眼睛相对来说眼裂更开阔一些，眼头和眼尾的形状更规整，眼距显得稍宽于第一张图。
3.  **鼻子（鼻梁高度、鼻头形状）**：第一张图中的鼻梁高度适中，鼻头形状偏圆润。第二张图中的鼻梁明显更高挺，鼻头也更为精致且略尖，鼻孔露出程度也不同。

修改建议：
第一张AI生成图需要大幅调整人物的面部特征以匹配第二张图。具体包括：
*   调整脸型，使其下颌线更加分明，下颌角更突出，避免过于圆润。
*   修正眼睛的形状和开合度，使其与第二张图中的人眼型一致，特别是眼角和眼距的细节。
*   提高鼻梁高度，并改变鼻头形状，使其更精致有型。",5.5,
s_b735,film_m_cyber,google/gemini-3.1-flash-image-preview,generation,/Users/lizeyan/Desktop/mvp_1/headshot_pipeline/experiments/output/s_b735_film_m_cyber_google_gemini-3.1-flash-image-preview_generation_26e32475.png,4,"主要差异如下：
1.  **脸型轮廓**：
*   AI生成图片：脸型偏方，下颌线较为方正和突出，颧骨看起来也略高。
*   参考图片：脸型偏鹅蛋脸或瓜子脸，下颌线更圆润，整体轮廓更加柔和。
2.  **眼睛**：
*   AI生成图片：眼睛形状偏向细长，内眼角略下垂，眼袋和卧蚕部分不明显。
*   参考图片：眼睛形状偏圆，双眼皮较明显且深，内眼角相对较尖，卧蚕比较饱满。
3.  **鼻子**：
*   AI生成图片：鼻梁看起来更宽，鼻头较圆，鼻翼相对较宽。
*   参考图片：鼻梁更挺拔且窄，鼻头更精致小巧，鼻翼宽度适中。
修改建议：
*   如果目标是生成与参考图片人物相似的AI图像，需要AI在生成时更精确地捕捉面部的骨骼结构特征，例如脸型的整体形状和下颌线的角度。
*   AI生成时需要更细致地刻画眼睛的具体形状、双眼皮的深浅以及卧蚕的特征，使其与参考照片保持一致。
*   针对鼻子的具体特征，如鼻梁的宽度、鼻头的形状和鼻翼的走势，AI也需要进行更精确的学习和还原。","评分：4/10

判断理由：
这两张图片中的人物明显不是同一个人。

主要差异如下：
1.  **脸型轮廓**：
    *   AI生成图片：脸型偏方，下颌线较为方正和突出，颧骨看起来也略高。
    *   参考图片：脸型偏鹅蛋脸或瓜子脸，下颌线更圆润，整体轮廓更加柔和。

2.  **眼睛**：
    *   AI生成图片：眼睛形状偏向细长，内眼角略下垂，眼袋和卧蚕部分不明显。
    *   参考图片：眼睛形状偏圆，双眼皮较明显且深，内眼角相对较尖，卧蚕比较饱满。

3.  **鼻子**：
    *   AI生成图片：鼻梁看起来更宽，鼻头较圆，鼻翼相对较宽。
    *   参考图片：鼻梁更挺拔且窄，鼻头更精致小巧，鼻翼宽度适中。

修改建议：
*   如果目标是生成与参考图片人物相似的AI图像，需要AI在生成时更精确地捕捉面部的骨骼结构特征，例如脸型的整体形状和下颌线的角度。
*   AI生成时需要更细致地刻画眼睛的具体形状、双眼皮的深浅以及卧蚕的特征，使其与参考照片保持一致。
*   针对鼻子的具体特征，如鼻梁的宽度、鼻头的形状和鼻翼的走势，AI也需要进行更精确的学习和还原。",6.6,
s_b735,gf_m_hanfu,google/gemini-2.5-flash-image,editing,/Users/lizeyan/Desktop/mvp_1/headshot_pipeline/experiments/output/s_b735_gf_m_hanfu_google_gemini-2.5-flash-image_editing_985620f0.png,5,"主要差异特征：
1.  **脸型轮廓：** 第一张图片中的人物脸型相对更长椭圆，下颌线弧度柔和；第二张图片中的人物脸型更偏向方圆，下颌角更清晰，下颌线角度相对更硬朗。
2.  **眼睛：** 第一张图片中的人物眼睛形状更细长，眼尾上扬不明显，双眼皮褶皱较窄且不明显；第二张图片中的人物眼睛相对更圆一些，眼尾有轻微上扬，双眼皮褶皱较宽且清晰。
3.  **嘴巴：** 第一张图片中的人物嘴唇更薄，人中较长，嘴角在放松状态下显得更平直；第二张图片中的人物嘴唇更饱满，人中相对短，嘴角上扬明显，呈现笑容。
修改建议：
如果目标是让AI生成图片中的人物与用户本人参考照片一致，需要更精确地调整AI生成图像的以下面部特征：
*   **脸型**：使其更接近方圆脸，并加强下颌线的清晰度。
*   **眼睛**：调整眼睛形状为更圆润的杏仁眼，加宽双眼皮，并轻微上扬眼尾。
*   **嘴巴**：增加嘴唇厚度，缩短人中长度，并尝试生成带有轻微笑容的表情。","评分：5/10

判断理由：
这两张照片中的人物看起来不是同一个人。

主要差异特征：
1.  **脸型轮廓：** 第一张图片中的人物脸型相对更长椭圆，下颌线弧度柔和；第二张图片中的人物脸型更偏向方圆，下颌角更清晰，下颌线角度相对更硬朗。
2.  **眼睛：** 第一张图片中的人物眼睛形状更细长，眼尾上扬不明显，双眼皮褶皱较窄且不明显；第二张图片中的人物眼睛相对更圆一些，眼尾有轻微上扬，双眼皮褶皱较宽且清晰。
3.  **嘴巴：** 第一张图片中的人物嘴唇更薄，人中较长，嘴角在放松状态下显得更平直；第二张图片中的人物嘴唇更饱满，人中相对短，嘴角上扬明显，呈现笑容。

修改建议：
如果目标是让AI生成图片中的人物与用户本人参考照片一致，需要更精确地调整AI生成图像的以下面部特征：

*   **脸型**：使其更接近方圆脸，并加强下颌线的清晰度。
*   **眼睛**：调整眼睛形状为更圆润的杏仁眼，加宽双眼皮，并轻微上扬眼尾。
*   **嘴巴**：增加嘴唇厚度，缩短人中长度，并尝试生成带有轻微笑容的表情。",9.7,
s_b735,gf_m_hanfu,google/gemini-2.5-flash-image,generation,/Users/lizeyan/Desktop/mvp_1/headshot_pipeline/experiments/output/s_b735_gf_m_hanfu_google_gemini-2.5-flash-image_generation_1b049054.png,5,"这两张照片中的人物存在较多显著差异，难以判断为同一人。
1.  **脸型轮廓：**
*   第一张图片（AI生成）人物脸型偏长瓜子脸，下颌线较为柔和，腮部内收明显。
*   第二张图片（用户本人）人物脸型偏方，下颌角更突出，腮部更饱满，整体轮廓更宽阔。
2.  **眼睛：**
*   第一张图片人物眼睛轮廓更细长，眼尾上挑不明显，内眼角更尖锐。
*   第二张图片人物眼睛更圆润，内眼角弧度更自然，眼尾无明显上挑。
3.  **嘴巴：**
*   第一张图片人物嘴唇相对较薄，嘴角平直，未露齿。
*   第二张图片人物嘴唇更饱满，嘴角上扬明显，露出整齐牙齿。
4.  **眉毛：**
*   第一张图片人物眉毛较细，眉峰不明显，眉毛弧度平缓。
*   第二张图片人物眉毛较浓密，眉峰明显，眉毛弧度有起伏。
由于以上显著差异，系统无法认定两张图片中的人物为同一人。
**修改建议：** 若要使AI生成图片更接近用户本人，需在生成时对人物的脸型轮廓、眼睛形状、嘴唇厚度、眉毛粗细和形态等方面进行更精细的调整，以匹配用户本人照片的特征。","评分：5/10

判断理由：
这两张照片中的人物存在较多显著差异，难以判断为同一人。

1.  **脸型轮廓：**
    *   第一张图片（AI生成）人物脸型偏长瓜子脸，下颌线较为柔和，腮部内收明显。
    *   第二张图片（用户本人）人物脸型偏方，下颌角更突出，腮部更饱满，整体轮廓更宽阔。

2.  **眼睛：**
    *   第一张图片人物眼睛轮廓更细长，眼尾上挑不明显，内眼角更尖锐。
    *   第二张图片人物眼睛更圆润，内眼角弧度更自然，眼尾无明显上挑。

3.  **嘴巴：**
    *   第一张图片人物嘴唇相对较薄，嘴角平直，未露齿。
    *   第二张图片人物嘴唇更饱满，嘴角上扬明显，露出整齐牙齿。

4.  **眉毛：**
    *   第一张图片人物眉毛较细，眉峰不明显，眉毛弧度平缓。
    *   第二张图片人物眉毛较浓密，眉峰明显，眉毛弧度有起伏。

由于以上显著差异，系统无法认定两张图片中的人物为同一人。

**修改建议：** 若要使AI生成图片更接近用户本人，需在生成时对人物的脸型轮廓、眼睛形状、嘴唇厚度、眉毛粗细和形态等方面进行更精细的调整，以匹配用户本人照片的特征。",8.5,
s_b735,gf_m_hanfu,google/gemini-3-pro-image-preview,editing,/Users/lizeyan/Desktop/mvp_1/headshot_pipeline/experiments/output/s_b735_gf_m_hanfu_google_gemini-3-pro-image-preview_editing_48047627.png,9,"6.  **发型与发际线：** 均为短发，向上梳理，发际线高度形状一致。虽然第一张照片AI生成的发型细节可能略有不同，但整体轮廓和发际线特征并无差异。
7.  **肤色与肤质：** 肤色均为健康的小麦色，肤质看起来都比较平滑。
8.  **明显标记：** 两张照片中均无明显痣、疤痕或眼镜。第一张略微可见酒窝，第二张在笑容时也能看到对应的酒窝位置，与本人特征吻合。
虽然第一张照片是AI生成，但非常罕见地捕捉到了用户本人的精髓，没有出现AI生成常见的面部细节偏差。综合来看，可以判断为同一个人。","评分：9/10
判断理由：两张照片中的人是同一个人。虽然第一张是AI生成且穿着古装，但其面部特征与第二张用户本人的参考照片高度一致。

具体分析如下：
1.  **脸型轮廓：** 两张照片均为长椭圆形脸，下颌线弧度自然，基本一致。
2.  **眼睛：** 眼睛大小、形状、内双眼皮、眼距，以及眼角（内眼角略尖，外眼角细长）都非常吻合。
3.  **鼻子：** 鼻梁高度适中，鼻翼宽度、鼻头形状（略带肉感）、鼻孔露出程度（几乎不露）均一致。
4.  **嘴巴：** 嘴唇厚度适中，嘴角略微上扬，笑容弧度自然，都露出了少量牙齿。
5.  **眉毛：** 眉毛粗细适中，弧度自然，眉峰位置和眉头间距都高度相似。
6.  **发型与发际线：** 均为短发，向上梳理，发际线高度形状一致。虽然第一张照片AI生成的发型细节可能略有不同，但整体轮廓和发际线特征并无差异。
7.  **肤色与肤质：** 肤色均为健康的小麦色，肤质看起来都比较平滑。
8.  **明显标记：** 两张照片中均无明显痣、疤痕或眼镜。第一张略微可见酒窝，第二张在笑容时也能看到对应的酒窝位置，与本人特征吻合。

虽然第一张照片是AI生成，但非常罕见地捕捉到了用户本人的精髓，没有出现AI生成常见的面部细节偏差。综合来看，可以判断为同一个人。",8.8,
s_b735,gf_m_hanfu,google/gemini-3-pro-image-preview,generation,/Users/lizeyan/Desktop/mvp_1/headshot_pipeline/experiments/output/s_b735_gf_m_hanfu_google_gemini-3-pro-image-preview_generation_149b25e1.png,5,"主要差异特征：
1.  **脸型轮廓：** 第一张图中的人物脸型偏长，下颌线更为柔和，略带瓜子脸的趋势。第二张图中的人物脸型相对更宽，下颌线角度更明显，整体呈现出略微接近方脸的椭圆形。
2.  **眼睛：** 第一张图中的人物眼睛形状偏向细长，眼角更尖锐，呈现出古典东方男性的眼型特点。第二张图中的人物眼睛相对圆润一些，眼角没有那么尖锐，眼尾轻微上扬。
3.  **鼻子：** 第一张图中的人物鼻梁高度适中，鼻头略显尖锐。第二张图中的人物鼻梁高度略高，鼻头更为圆润饱满。鼻孔露出程度也有差异。
4.  **眉毛：** 第一张图中的眉毛相对细长，眉峰不明显，整体呈现出更自然柔和的形态。第二张图中的眉毛相对浓密，眉峰清晰，眉形更显英气。
修改建议：
AI生成时，需要更精确地捕捉用户本人的脸型比例、眼型特点、鼻部特征以及眉毛的形态，避免生成过于“模板化”或具有典型“古风”特征的面孔，导致与本人差异较大。特别是眼睛和脸型，是区分度最高的特征。","评分：5/10

判断理由：虽然两张图片中的人物有相似之处，但严格审查下，无法认定为同一个人。

主要差异特征：
1.  **脸型轮廓：** 第一张图中的人物脸型偏长，下颌线更为柔和，略带瓜子脸的趋势。第二张图中的人物脸型相对更宽，下颌线角度更明显，整体呈现出略微接近方脸的椭圆形。
2.  **眼睛：** 第一张图中的人物眼睛形状偏向细长，眼角更尖锐，呈现出古典东方男性的眼型特点。第二张图中的人物眼睛相对圆润一些，眼角没有那么尖锐，眼尾轻微上扬。
3.  **鼻子：** 第一张图中的人物鼻梁高度适中，鼻头略显尖锐。第二张图中的人物鼻梁高度略高，鼻头更为圆润饱满。鼻孔露出程度也有差异。
4.  **眉毛：** 第一张图中的眉毛相对细长，眉峰不明显，整体呈现出更自然柔和的形态。第二张图中的眉毛相对浓密，眉峰清晰，眉形更显英气。

修改建议：
AI生成时，需要更精确地捕捉用户本人的脸型比例、眼型特点、鼻部特征以及眉毛的形态，避免生成过于“模板化”或具有典型“古风”特征的面孔，导致与本人差异较大。特别是眼睛和脸型，是区分度最高的特征。",5.9,
s_b735,gf_m_hanfu,google/gemini-3.1-flash-image-preview,editing,/Users/lizeyan/Desktop/mvp_1/headshot_pipeline/experiments/output/s_b735_gf_m_hanfu_google_gemini-3.1-flash-image-preview_editing_9c7756ce.png,6,"判断理由：两张图片中的人物有相似之处，但存在多处明显差异，无法确认为同一个人。
主要差异特征：
1.  **眼睛：** 第一张图片中人物的内眼角更尖锐，眼裂长度相对较短；第二张图片中人物的眼睛内眼角相对圆润，眼裂更长，整体眼睛形状更显细长。
2.  **鼻子：** 第一张图片中人物鼻梁弧度更流畅，鼻头圆润且鼻孔露出程度较低；第二张图片中人物的鼻小柱略微下垂，鼻翼更宽，鼻孔露出程度相对更高。
3.  **嘴巴：** 第一张图片中人物的唇形更精致，上唇峰比较明显，嘴角上扬弧度自然且牙齿露出较少；第二张图片中人物的嘴巴整体较宽，牙齿露出更多，笑容弧度更开阔。
修改建议：AI模型在生成人物面部时，需要更精细地捕捉并复制用户参考照片中人物的眼睛形状、鼻部特征（尤其是鼻小柱和鼻孔露出程度）以及嘴唇的细节，以减少“似是而非”的情况。应当关注面部特征的微小变化，因为这些细节往往是区分个体的关键。","评分：6/10
判断理由：两张图片中的人物有相似之处，但存在多处明显差异，无法确认为同一个人。

主要差异特征：
1.  **眼睛：** 第一张图片中人物的内眼角更尖锐，眼裂长度相对较短；第二张图片中人物的眼睛内眼角相对圆润，眼裂更长，整体眼睛形状更显细长。
2.  **鼻子：** 第一张图片中人物鼻梁弧度更流畅，鼻头圆润且鼻孔露出程度较低；第二张图片中人物的鼻小柱略微下垂，鼻翼更宽，鼻孔露出程度相对更高。
3.  **嘴巴：** 第一张图片中人物的唇形更精致，上唇峰比较明显，嘴角上扬弧度自然且牙齿露出较少；第二张图片中人物的嘴巴整体较宽，牙齿露出更多，笑容弧度更开阔。

修改建议：AI模型在生成人物面部时，需要更精细地捕捉并复制用户参考照片中人物的眼睛形状、鼻部特征（尤其是鼻小柱和鼻孔露出程度）以及嘴唇的细节，以减少“似是而非”的情况。应当关注面部特征的微小变化，因为这些细节往往是区分个体的关键。",7.3,
s_b735,gf_m_hanfu,google/gemini-3.1-flash-image-preview,generation,/Users/lizeyan/Desktop/mvp_1/headshot_pipeline/experiments/output/s_b735_gf_m_hanfu_google_gemini-3.1-flash-image-preview_generation_9e2a4425.png,5,"主要差异特征：
1.  **脸型轮廓：** AI生成图片中的人物脸型偏长，下颌线弧度较缓，颧骨略高；而用户参考照片中的人物脸型则更接近长方脸或椭圆形，下颌线更清晰且角度略微上扬，整体脸部轮廓更显饱满。
2.  **眼睛：** AI生成图片中人物的眼睛，眼型更加细长，内眼角有明显下勾，外眼角略微上挑，双眼皮褶皱较窄且不明显。用户参考照片中人物的眼睛则相对更圆更大，眼裂更开阔，内眼角不明显下勾，双眼皮褶皱清晰且宽度适中。两者的眼距、眼角形状都有显著差异。
3.  **鼻子：** AI生成图片中人物的鼻梁笔直且较高，鼻头略尖，鼻翼相对较窄，鼻孔露出程度较低。用户参考照片中人物的鼻梁弧度更自然，鼻头更为饱满圆润，鼻翼宽度适中，鼻孔露出程度比AI生成图中的人物稍多。
4.  **眉毛：** AI生成图片中人物的眉毛整体偏细，眉峰不明显，眉弓平缓。用户参考照片中人物的眉毛则更粗，眉峰位置更明显，眉毛整体更有力量感和立体感。
修改建议：AI模型需要更精准地捕捉目标人物的脸型精髓、眼睛的细节特征（包括眼型、双眼皮形状和宽度）以及鼻子的立体结构，才能生成与真实人物高度相似的图像。在生成时应特别关注这些面部关键部位的精确匹配。","评分：5/10
判断理由：两张图片中的人物并非同一个人。

主要差异特征：
1.  **脸型轮廓：** AI生成图片中的人物脸型偏长，下颌线弧度较缓，颧骨略高；而用户参考照片中的人物脸型则更接近长方脸或椭圆形，下颌线更清晰且角度略微上扬，整体脸部轮廓更显饱满。
2.  **眼睛：** AI生成图片中人物的眼睛，眼型更加细长，内眼角有明显下勾，外眼角略微上挑，双眼皮褶皱较窄且不明显。用户参考照片中人物的眼睛则相对更圆更大，眼裂更开阔，内眼角不明显下勾，双眼皮褶皱清晰且宽度适中。两者的眼距、眼角形状都有显著差异。
3.  **鼻子：** AI生成图片中人物的鼻梁笔直且较高，鼻头略尖，鼻翼相对较窄，鼻孔露出程度较低。用户参考照片中人物的鼻梁弧度更自然，鼻头更为饱满圆润，鼻翼宽度适中，鼻孔露出程度比AI生成图中的人物稍多。
4.  **眉毛：** AI生成图片中人物的眉毛整体偏细，眉峰不明显，眉弓平缓。用户参考照片中人物的眉毛则更粗，眉峰位置更明显，眉毛整体更有力量感和立体感。

修改建议：AI模型需要更精准地捕捉目标人物的脸型精髓、眼睛的细节特征（包括眼型、双眼皮形状和宽度）以及鼻子的立体结构，才能生成与真实人物高度相似的图像。在生成时应特别关注这些面部关键部位的精确匹配。",5.9,
s_b735,gf_m_hanfu,openai/gpt-5-image-mini,editing,/Users/lizeyan/Desktop/mvp_1/headshot_pipeline/experiments/output/s_b735_gf_m_hanfu_openai_gpt-5-image-mini_editing_9c69508a.png,6,"判断理由：两张图片中的人物有相似之处，但存在明显的细节差异，导致无法认定为是同一个人。
主要差异：
1.  **脸型轮廓：**
*   第一张图片（AI生成）人物的脸型偏向方圆，下颌线弧度更平缓，颧骨位置略宽。
*   第二张图片（用户本人参考照片）人物的脸型更偏向瓜子脸或鹅蛋脸，下颌线更清晰，角度更明显，面部整体更显瘦削。
2.  **眼睛：**
*   第一张图片人物的眼睛略圆，眼皮褶皱较少，眼尾略上扬。
*   第二张图片人物的眼睛形状更细长，双眼皮褶皱更明显，眼尾走向平缓。
3.  **嘴巴：**
*   第一张图片人物的嘴唇较厚，嘴角略微上扬，露出牙齿的弧度较小。
*   第二张图片人物的嘴唇相对更薄，嘴角上扬程度更大，笑容弧度更开阔，露出牙齿的部分也更多。
修改建议：
*   **调整AI生成图片中人物的脸型**，使其下颌线更清晰，整体面部轮廓更接近瓜子脸或鹅蛋脸。
*   **修改AI生成图片中人物的眼睛**，使其眼形更细长，并增加双眼皮褶皱的明显度，使眼尾走向更平缓。
*   **修正AI生成图片中人物的嘴巴**，使其嘴唇厚度适中，笑容弧度更开阔，露出更多牙齿。","评分：6/10
判断理由：两张图片中的人物有相似之处，但存在明显的细节差异，导致无法认定为是同一个人。

主要差异：
1.  **脸型轮廓：**
    *   第一张图片（AI生成）人物的脸型偏向方圆，下颌线弧度更平缓，颧骨位置略宽。
    *   第二张图片（用户本人参考照片）人物的脸型更偏向瓜子脸或鹅蛋脸，下颌线更清晰，角度更明显，面部整体更显瘦削。

2.  **眼睛：**
    *   第一张图片人物的眼睛略圆，眼皮褶皱较少，眼尾略上扬。
    *   第二张图片人物的眼睛形状更细长，双眼皮褶皱更明显，眼尾走向平缓。

3.  **嘴巴：**
    *   第一张图片人物的嘴唇较厚，嘴角略微上扬，露出牙齿的弧度较小。
    *   第二张图片人物的嘴唇相对更薄，嘴角上扬程度更大，笑容弧度更开阔，露出牙齿的部分也更多。

修改建议：
*   **调整AI生成图片中人物的脸型**，使其下颌线更清晰，整体面部轮廓更接近瓜子脸或鹅蛋脸。
*   **修改AI生成图片中人物的眼睛**，使其眼形更细长，并增加双眼皮褶皱的明显度，使眼尾走向更平缓。
*   **修正AI生成图片中人物的嘴巴**，使其嘴唇厚度适中，笑容弧度更开阔，露出更多牙齿。",14.2,
s_b735,gf_m_hanfu,openai/gpt-5-image-mini,generation,/Users/lizeyan/Desktop/mvp_1/headshot_pipeline/experiments/output/s_b735_gf_m_hanfu_openai_gpt-5-image-mini_generation_1eb455e2.png,5,"判断理由：两张照片中的人物有相似亚洲男性面部特征，但通过严格的面部特征比对，可以发现多处明显差异，不足以确认为同一个人。
主要差异点：
1.  **脸型轮廓：**
*   AI生成图片：脸型偏长，下颌线略微圆润，下巴线条较为平直。
*   用户本人参考照片：脸型略短和更宽，下颌线更清晰且有一定角度，下巴更尖。
2.  **眼睛：**
*   AI生成图片：眼睛形状偏向细长，单眼皮特征更明显，眼角略微上挑。
*   用户本人参考照片：眼睛更大，双眼皮痕迹更明显，眼角较平，眼距也略宽于AI生成图片。
3.  **鼻子：**
*   AI生成图片：鼻梁没有特别高挺，鼻头略圆润，鼻孔露出程度较少。
*   用户本人参考照片：鼻梁更显高挺，鼻头更精致，鼻孔露出程度相对自然且略多于AI生成图片。
4.  **眉毛：**
*   AI生成图片：眉毛相对较细，眉峰不明显，眉头间距稍宽。
*   用户本人参考照片：眉毛较浓密，有明显的眉峰，眉头间距适中。
修改建议：
为了使AI生成图片更接近用户本人，需要进行以下调整：
1.  调整脸型为更短、更宽一些，并突出下颌线和尖下巴的特征。
2.  将眼睛放大，增加双眼皮的明显程度，并调整眼角形状使其更平。
3.  提高鼻梁高度，修饰鼻头使其更精致，并轻微增加鼻孔露出程度。","评分：5/10
判断理由：两张照片中的人物有相似亚洲男性面部特征，但通过严格的面部特征比对，可以发现多处明显差异，不足以确认为同一个人。

主要差异点：
1.  **脸型轮廓：**
    *   AI生成图片：脸型偏长，下颌线略微圆润，下巴线条较为平直。
    *   用户本人参考照片：脸型略短和更宽，下颌线更清晰且有一定角度，下巴更尖。
2.  **眼睛：**
    *   AI生成图片：眼睛形状偏向细长，单眼皮特征更明显，眼角略微上挑。
    *   用户本人参考照片：眼睛更大，双眼皮痕迹更明显，眼角较平，眼距也略宽于AI生成图片。
3.  **鼻子：**
    *   AI生成图片：鼻梁没有特别高挺，鼻头略圆润，鼻孔露出程度较少。
    *   用户本人参考照片：鼻梁更显高挺，鼻头更精致，鼻孔露出程度相对自然且略多于AI生成图片。
4.  **眉毛：**
    *   AI生成图片：眉毛相对较细，眉峰不明显，眉头间距稍宽。
    *   用户本人参考照片：眉毛较浓密，有明显的眉峰，眉头间距适中。

修改建议：
为了使AI生成图片更接近用户本人，需要进行以下调整：
1.  调整脸型为更短、更宽一些，并突出下颌线和尖下巴的特征。
2.  将眼睛放大，增加双眼皮的明显程度，并调整眼角形状使其更平。
3.  提高鼻梁高度，修饰鼻头使其更精致，并轻微增加鼻孔露出程度。",8.5,
s_b735,gf_m_hanfu,openai/gpt-5-image,editing,/Users/lizeyan/Desktop/mvp_1/headshot_pipeline/experiments/output/s_b735_gf_m_hanfu_openai_gpt-5-image_editing_93fe0f16.png,5,"判断理由：两张图片中的人物在多个面部特征上存在明显差异，不足以确认为同一个人。
主要差异特征：
1.  **脸型轮廓**：
*   AI生成图片中的人脸型偏圆润，下颌线弧度较大，脸颊稍显饱满。
*   用户本人参考照片中的人脸型线条更为凌厉，下颌线角度更明显，脸庞相对清瘦。
2.  **眼睛**：
*   AI生成图片中人物的眼睛整体偏圆，卧蚕不明显，眼角形状更偏向圆润。
*   用户本人参考照片中人物的眼睛更细长，有明显的卧蚕，眼角更尖锐。
3.  **鼻子**：
*   AI生成图片中人物的鼻梁看起来稍宽，鼻头更圆钝，鼻孔露出程度不明显。
*   用户本人参考照片中人物的鼻梁更挺拔，鼻翼相对较窄，鼻头更精致，鼻孔露出程度略微可见。
修改建议：
为了使AI生成图片更接近用户本人，建议在生成时调整以下参数：
*   **脸型**：生成更具棱角和线条感的脸型，减少脸颊的饱满度。
*   **眼睛**：让眼睛更细长，增加卧蚕的表现，并调整眼角使其更尖锐。
*   **鼻子**：使鼻梁更挺拔，鼻翼收窄，鼻头形状更精致，并适当露出鼻孔。","评分：5/10
判断理由：两张图片中的人物在多个面部特征上存在明显差异，不足以确认为同一个人。

主要差异特征：

1.  **脸型轮廓**：
    *   AI生成图片中的人脸型偏圆润，下颌线弧度较大，脸颊稍显饱满。
    *   用户本人参考照片中的人脸型线条更为凌厉，下颌线角度更明显，脸庞相对清瘦。

2.  **眼睛**：
    *   AI生成图片中人物的眼睛整体偏圆，卧蚕不明显，眼角形状更偏向圆润。
    *   用户本人参考照片中人物的眼睛更细长，有明显的卧蚕，眼角更尖锐。

3.  **鼻子**：
    *   AI生成图片中人物的鼻梁看起来稍宽，鼻头更圆钝，鼻孔露出程度不明显。
    *   用户本人参考照片中人物的鼻梁更挺拔，鼻翼相对较窄，鼻头更精致，鼻孔露出程度略微可见。

修改建议：
为了使AI生成图片更接近用户本人，建议在生成时调整以下参数：
*   **脸型**：生成更具棱角和线条感的脸型，减少脸颊的饱满度。
*   **眼睛**：让眼睛更细长，增加卧蚕的表现，并调整眼角使其更尖锐。
*   **鼻子**：使鼻梁更挺拔，鼻翼收窄，鼻头形状更精致，并适当露出鼻孔。",10.5,
s_b735,gf_m_hanfu,openai/gpt-5-image,generation,/Users/lizeyan/Desktop/mvp_1/headshot_pipeline/experiments/output/s_b735_gf_m_hanfu_openai_gpt-5-image_generation_0c7c1097.png,3,"这两张图片中的人物有显著差异，并非同一个人。
1.  **脸型轮廓差异大：** 第一张图中的人物脸型偏方圆，下颌角较宽，脸颊相对饱满。第二张图中的人物脸型更趋向于瓜子脸，下颌线相比之下更为流畅和收敛，整体脸部轮廓更窄长。
2.  **眼睛形态不同：** 第一张图中的人物眼睛较小，眼裂不算长，眼角相对圆钝。第二张图中的人物眼睛明显更大，眼裂更长，内眼角和外眼角都更尖锐，眼尾有轻微上扬的趋势。
3.  **鼻部特征差异明显：** 第一张图中的人物鼻梁高度中等，鼻翼相对较宽，鼻头偏圆且略向下垂，鼻孔露出程度较低。第二张图中的人物鼻梁更高挺，鼻翼宽度适中，鼻头形状更精致，没有鼻头下垂感，鼻孔露出程度略高。
4.  **嘴巴和牙齿：** 第一张图中人物嘴唇较厚，嘴角平而没有明显的笑容弧度，牙齿不露出。第二张图中的人物嘴唇厚度适中偏薄，嘴角上扬明显，呈现出微笑的弧度，并露出整齐的上排牙齿。
修改建议：
AI生成图片应更注重捕捉用户本人照片中人物脸型的窄长、眼睛的细长有神、高挺鼻梁以及微笑时嘴角的弧度与露牙特征。需调整以匹配这些关键的面部结构特征。","评分：3/10

判断理由：
这两张图片中的人物有显著差异，并非同一个人。

1.  **脸型轮廓差异大：** 第一张图中的人物脸型偏方圆，下颌角较宽，脸颊相对饱满。第二张图中的人物脸型更趋向于瓜子脸，下颌线相比之下更为流畅和收敛，整体脸部轮廓更窄长。
2.  **眼睛形态不同：** 第一张图中的人物眼睛较小，眼裂不算长，眼角相对圆钝。第二张图中的人物眼睛明显更大，眼裂更长，内眼角和外眼角都更尖锐，眼尾有轻微上扬的趋势。
3.  **鼻部特征差异明显：** 第一张图中的人物鼻梁高度中等，鼻翼相对较宽，鼻头偏圆且略向下垂，鼻孔露出程度较低。第二张图中的人物鼻梁更高挺，鼻翼宽度适中，鼻头形状更精致，没有鼻头下垂感，鼻孔露出程度略高。
4.  **嘴巴和牙齿：** 第一张图中人物嘴唇较厚，嘴角平而没有明显的笑容弧度，牙齿不露出。第二张图中的人物嘴唇厚度适中偏薄，嘴角上扬明显，呈现出微笑的弧度，并露出整齐的上排牙齿。

修改建议：
AI生成图片应更注重捕捉用户本人照片中人物脸型的窄长、眼睛的细长有神、高挺鼻梁以及微笑时嘴角的弧度与露牙特征。需调整以匹配这些关键的面部结构特征。",5.6,
